"","Paper_ID","Data_ID","Author","Year_of_publication","Title","Species","Phylogeny","Average_lifespan","Age_assortative_mating","Social_mating_system","Sample_size","When_in_offspring_life_effect_was_measured","Fitness","Effect","Parent_sex","Offspring_sex","Type_of_transmissions","Slope_shape","Slope_graph_report","Slope_Value","R^2(squared_multiple_correlation)","Lower_CI","Upper_CI","S.E.","t_value","No._of_parameters","df","Effect_size","Effect_size_calculation","SE_of_effect_size","var_r"
"1","1","1","(Schroeder et al., 2015)","2015","Reduced fitness in progeny from old parents in a natural population","House Sparrows","passer domesticus","3 yrs","NA","Monogamy",639,"Lifetime","LRS","Recuritment","Female","Female","Mother_daughter","Linear","NA",-0.14,NA,-0.28,-0.02,0.0663265306122449,-2.11076923076923,6,632,-0.0836674985960562,"Shinichi",0.0393440825713119,0.00154795683337821
"2","1","2","(Schroeder et al., 2015)","2015","Reduced fitness in progeny from old parents in a natural population","House Sparrows","passer domesticus","3 yrs","NA","Monogamy",639,"Lifetime","LRS","Recuritment","Female","Male","Mother_son","Linear","NA",0.04,NA,-0.11,0.18,0.0739795918367347,0.540689655172414,6,632,0.0215025070321035,"Shinichi",0.0396031233041454,0.00156840737544335
"3","1","3","(Schroeder et al., 2015)","2015","Reduced fitness in progeny from old parents in a natural population","House Sparrows","passer domesticus","3 yrs","NA","Monogamy",639,"Lifetime","LRS","Recuritment","Male","Female","Father_daughter","LInear","NA",0.02,NA,-0.1,0.13,0.0586734693877551,0.340869565217391,6,632,0.0135578170452929,"Shinichi",0.0396141595956998,0.00156928164047358
"4","1","4","(Schroeder et al., 2015)","2015","Reduced fitness in progeny from old parents in a natural population","House Sparrows","passer domesticus","3 yrs","NA","Monogamy",639,"Lifetime","LRS","Recuritment","Male","Male","Father_son","Linear","NA",-0.23,NA,-0.38,-0.09,0.0739795918367347,-3.10896551724138,6,632,-0.122733043542183,"Shinichi",0.0390246089501498,0.00152292010371211
"5","1","5","(Schroeder et al., 2015)","2015","Reduced fitness in progeny from old parents in a natural population","House Sparrows","passer domesticus","3 yrs","NA","Monogamy",453,"Lifetime","LRS","Annual Productivity","Foster Female","Mixed","Foster_mother","Linear","NA",-0.12,NA,-0.26,0.03,0.0739795918367347,-1.62206896551724,4,448,-0.0764115010127734,"Shinichi",0.0468132264661192,0.00219147817216817
"6","1","6","(Schroeder et al., 2015)","2015","Reduced fitness in progeny from old parents in a natural population","House Sparrows","passer domesticus","3 yrs","NA","Monogamy",453,"Lifetime","LRS","Annual Productivity","Female","Mixed","Maternal","Linear","NA",-0.11,NA,-0.23,0,0.0586734693877551,-1.87478260869565,4,448,-0.0882297230961067,"Shinichi",0.0467216038976435,0.00218290827076829
"7","1","7","(Schroeder et al., 2015)","2015","Reduced fitness in progeny from old parents in a natural population","House Sparrows","passer domesticus","3 yrs","NA","Monogamy",385,"Lifetime","LRS","Annual Productivity","Foster Male","Mixed","Foster_father","Linear","NA",-0.06,NA,-0.2,0.08,0.0714285714285714,-0.84,4,380,-0.0430511397401975,"Shinichi",0.0510029086824272,0.00260129669406801
"8","1","8","(Schroeder et al., 2015)","2015","Reduced fitness in progeny from old parents in a natural population","House Sparrows","passer domesticus","3 yrs","NA","Monogamy",385,"Lifetime","LRS","Annual Productivity","Male","Mixed","Paternal","Linear","NA",-0.14,NA,-0.28,0,0.0714285714285714,-1.96,4,380,-0.100041466844457,"Shinichi",0.0505862130412354,0.00255896494985325
"9","1","9","(Schroeder et al., 2015)","2015","Reduced fitness in progeny from old parents in a natural population","House Sparrows","passer domesticus","3 yrs","NA","Monogamy",564,"Lifetime","LRS","Annual Productivity","Female","Mixed","Maternal","Linear","NA",-0.1,NA,-0.2,-0.01,0.048469387755102,-2.06315789473684,3,560,-0.0868548619534606,"Shinichi",0.0418642394541394,0.00175261454507352
"10","1","10","(Schroeder et al., 2015)","2015","Reduced fitness in progeny from old parents in a natural population","House Sparrows","passer domesticus","3 yrs","NA","Monogamy",521,"Lifetime","LRS","Annual Productivity","Male","Mixed","Paternal","Linear","NA",-0.2,NA,-0.32,-0.09,0.0586734693877551,-3.40869565217391,3,517,-0.148257529048767,"Shinichi",0.0429303002687682,0.0018430106811666
"11","2","11","(Bowers, Sakaluk & Thompson, 2017)","2017","Interactive effects of parental age on offspring fitness and age-assortative mating in a wild bird","House wren","troglodytes aedon","2 yrs","Positive","Monogamy & Polygamy",3980,"Lifetime","Survival","Fledging success","Female","Mixed","Maternal","Linear","NA",0.014,NA,NA,NA,0.036,0.388888888888889,6,1392.5,0.010420878939143,"Shinichi",0.0158533280304895,0.000251328009642304
"12","2","12","(Bowers, Sakaluk & Thompson, 2017)","2017","Interactive effects of parental age on offspring fitness and age-assortative mating in a wild bird","House wren","troglodytes aedon","2 yrs","Positive","Monogamy & Polygamy",3980,"Lifetime","Survival","Fledging success","Male","Mixed","Paternal","Linear","NA",-0.052,NA,NA,NA,0.036,-1.44444444444444,6,1523,-0.0369873839821528,"Shinichi",0.0158333590414848,0.000250695258536567
"13","2","13","(Bowers, Sakaluk & Thompson, 2017)","2017","Interactive effects of parental age on offspring fitness and age-assortative mating in a wild bird","House wren","troglodytes aedon","2 yrs","Positive","Monogamy & Polygamy",3980,"Lifetime","Proxy","Immune activity","Female","Mixed","Maternal","Linear","NA",0.085,NA,NA,NA,0.03,2.83333333333333,6,1329,0.0774867518028942,"Shinichi",0.0157598529673527,0.000248372965552575
"14","2","14","(Bowers, Sakaluk & Thompson, 2017)","2017","Interactive effects of parental age on offspring fitness and age-assortative mating in a wild bird","House wren","troglodytes aedon","2 yrs","Positive","Monogamy & Polygamy",3980,"Lifetime","Proxy","Immune activity","Male","Mixed","Paternal","Linear","NA",-0.057,NA,NA,NA,0.031,-1.83870967741935,6,1387,-0.0493112796217587,"Shinichi",0.0158164966296097,0.000250161565634456
"15","2","15","(Bowers, Sakaluk & Thompson, 2017)","2017","Interactive effects of parental age on offspring fitness and age-assortative mating in a wild bird","House wren","troglodytes aedon","2 yrs","Positive","Monogamy & Polygamy",3980,"Lifetime","Weight","Nestling body mass","Female","Mixed","Maternal","Linear","NA",0.052,NA,NA,NA,0.028,1.85714285714286,5,1501,0.0478802688414947,"Shinichi",0.0158187017840821,0.000250231326133722
"16","2","16","(Bowers, Sakaluk & Thompson, 2017)","2017","Interactive effects of parental age on offspring fitness and age-assortative mating in a wild bird","House wren","troglodytes aedon","2 yrs","Positive","Monogamy & Polygamy",3980,"Lifetime","Weight","Nestling body mass","Male","Mixed","Paternal","Linear","NA",-0.024,NA,NA,NA,0.028,-0.857142857142857,5,1407,-0.0228450863195364,"Shinichi",0.0158467750868589,0.000251120280653493
"17","2","17","(Bowers, Sakaluk & Thompson, 2017)","2017","Interactive effects of parental age on offspring fitness and age-assortative mating in a wild bird","House wren","troglodytes aedon","2 yrs","Positive","Monogamy & Polygamy",3980,"Lifetime","LRS","Recuritment","Female","Mixed","Maternal","Linear","NA",0.021,NA,NA,NA,0.089,0.235955056179775,6,13840,0.0020056741146216,"Shinichi",0.0158549860245866,0.000251380581839838
"18","2","18","(Bowers, Sakaluk & Thompson, 2017)","2017","Interactive effects of parental age on offspring fitness and age-assortative mating in a wild bird","House wren","troglodytes aedon","2 yrs","Positive","Monogamy & Polygamy",3980,"Lifetime","LRS","Recuritment","Male","Mixed","Paternal","Linear","NA",0.01,NA,NA,NA,0.092,0.108695652173913,6,13840,0.00092394036774851,"Shinichi",0.015855036270236,0.000251382175130498
"19","2","19","(Bowers, Sakaluk & Thompson, 2017)","2017","Interactive effects of parental age on offspring fitness and age-assortative mating in a wild bird","House wren","troglodytes aedon","2 yrs","Positive","Monogamy & Polygamy",3980,"Lifetime","Lifespan","Longevity (number of years as a breeder)","Female","Mixed","Maternal","Linear","NA",0.01,NA,NA,NA,0.016,0.625,6,13813,0.00531777393133848,"Shinichi",0.0158546014446424,0.000251368386968456
"20","2","20","(Bowers, Sakaluk & Thompson, 2017)","2017","Interactive effects of parental age on offspring fitness and age-assortative mating in a wild bird","House wren","troglodytes aedon","2 yrs","Positive","Monogamy & Polygamy",3980,"Lifetime","Lifespan","Longevity (number of years as a breeder)","Male","Mixed","Paternal","Linear","NA",0.015,NA,NA,NA,0.016,0.9375,6,13781,0.00798577484947731,"Shinichi",0.0158540386874014,0.000251350542701622
"21","2","21","(Bowers, Sakaluk & Thompson, 2017)","2017","Interactive effects of parental age on offspring fitness and age-assortative mating in a wild bird","House wren","troglodytes aedon","2 yrs","Positive","Monogamy & Polygamy",3980,"Lifetime","LRS","LRS (total number of fledglings produced)","Female","Mixed","Maternal","Linear","NA",0.033,NA,NA,NA,0.034,0.970588235294118,3,1755,0.0231622067733881,"Shinichi",0.0158465437640024,0.000251112949264444
"22","2","22","(Bowers, Sakaluk & Thompson, 2017)","2017","Interactive effects of parental age on offspring fitness and age-assortative mating in a wild bird","House wren","troglodytes aedon","2 yrs","Positive","Monogamy & Polygamy",3980,"Lifetime","LRS","LRS (total number of fledglings produced)","Male","Mixed","Paternal","Linear","NA",-0.005,NA,NA,NA,0.035,-0.142857142857143,3,1847,-0.00332403901795855,"Shinichi",0.0158548746189723,0.000251377049183333
"23","3","23","(Bouwhuis et al., 2018)","2018","Reduced telomere length in offspring of old fathers in a long-lived seabird","Common terns","sterna hirundo","12 yrs","NA","Monogamy",142,"Early","TL","Telomere length","Male","Mixed","Paternal","Linear","NA",-35,NA,NA,NA,15,-2.33333333333333,3,138,-0.194820618996982,"Shinichi",0.0813076362798464,0.0066109317174158
"24","3","24","(Bouwhuis et al., 2018)","2018","Reduced telomere length in offspring of old fathers in a long-lived seabird","Common terns","sterna hirundo","12 yrs","NA","Monogamy",129,"Early","TL","Telomere length","Female","Mixed","Maternal","Linear","NA",-15,NA,NA,NA,16,-0.9375,3,125,-0.0835593005633029,"Shinichi",0.0881160847209174,0.0077644443865439
"25","4","25","(Kim et al., 2011)","2011","Evolvability of an avian life history trait declines with father's age","Blue-footed booby","sula nebouxii","17 yrs","None","Monogamy",942,"Lifetime","TL","Genetic potential for adaptive change in recruiting age","Male","Mixed","Paternal","Linear","NA",-0.197,NA,NA,NA,0.194,-1.01546391752577,5,936,-0.0331732084770565,"Shinichi",0.032580510547682,0.00106148966754762
"26","5","26","(Criscuolo, Zahn & Bize, 2017)","2017","Offspring telomere length in the long lived Alpine swift is negatively related to the age of their biological father and foster mother","Alpine swift","apus melba","20 yrs","NA","Monogamy",95,"Early","TL","Telomere length","Male","Mixed","Paternal","Linear","NA",-0.038,NA,NA,NA,0.017,-2.23529411764706,7,46.5,-0.311491106168765,"Shinichi",0.0936339684168306,0.00876732004148404
"27","5","27","(Criscuolo, Zahn & Bize, 2017)","2017","Offspring telomere length in the long lived Alpine swift is negatively related to the age of their biological father and foster mother","Alpine swift","apus melba","20 yrs","NA","Monogamy",95,"Early","TL","Telomere length","Foster Female","Mixed","Foster_mother","Linear","NA",-0.03,NA,NA,NA,0.015,-2,7,80.6,-0.217442691017814,"Shinichi",0.0987923245807001,0.0097599233960584
"28","5","28","(Criscuolo, Zahn & Bize, 2017)","2017","Offspring telomere length in the long lived Alpine swift is negatively related to the age of their biological father and foster mother","Alpine swift","apus melba","20 yrs","NA","Monogamy",95,"Early","TL","Telomere length","Foster Male","Mixed","Foster_father","Linear","NA",-0.018,NA,NA,NA,0.022,-0.818181818181818,7,76,-0.0934412697098256,"Shinichi",0.102789778858909,0.0105657386378634
"29","5","29","(Criscuolo, Zahn & Bize, 2017)","2017","Offspring telomere length in the long lived Alpine swift is negatively related to the age of their biological father and foster mother","Alpine swift","apus melba","20 yrs","NA","Monogamy",95,"Early","TL","Telomere length","Female","Mixed","Maternal","Linear","NA",-0.026,NA,NA,NA,0.02,-1.3,7,56,-0.171156376198896,"Shinichi",0.100657470800665,0.0101319264279868
"30","5","30","(Criscuolo, Zahn & Bize, 2017)","2017","Offspring telomere length in the long lived Alpine swift is negatively related to the age of their biological father and foster mother","Alpine swift","apus melba","20 yrs","NA","Monogamy",98,"Early","Weight","Body mass","Male","Mixed","Paternal","Linear","NA",0.019,NA,NA,NA,0.419,0.045346062052506,7,38.7,0.00728907733508615,"Shinichi",0.102056649991871,0.0104155598075633
"31","5","31","(Criscuolo, Zahn & Bize, 2017)","2017","Offspring telomere length in the long lived Alpine swift is negatively related to the age of their biological father and foster mother","Alpine swift","apus melba","20 yrs","NA","Monogamy",98,"Early","Weight","Body mass","Foster Male","Mixed","Foster_father","Linear","NA",0.019,NA,NA,NA,0.453,0.0419426048565121,7,53.5,0.00573418060990765,"Shinichi",0.102058716730586,0.0104159816606939
"32","5","32","(Criscuolo, Zahn & Bize, 2017)","2017","Offspring telomere length in the long lived Alpine swift is negatively related to the age of their biological father and foster mother","Alpine swift","apus melba","20 yrs","NA","Monogamy",98,"Early","Weight","Body mass","Foster Female","Mixed","Foster_mother","Linear","NA",0.177,NA,NA,NA,0.343,0.516034985422741,7,44,0.0775608524336618,"Shinichi",0.101448099251925,0.0102917168418285
"33","5","33","(Criscuolo, Zahn & Bize, 2017)","2017","Offspring telomere length in the long lived Alpine swift is negatively related to the age of their biological father and foster mother","Alpine swift","apus melba","20 yrs","NA","Monogamy",98,"Early","Weight","Body mass","Female","Mixed","Maternal","Linear","NA",-0.207,NA,NA,NA,0.37,-0.559459459459459,7,89.3,-0.0590994073100857,"Shinichi",0.101705596338131,0.0103440283264949
"34","5","34","(Criscuolo, Zahn & Bize, 2017)","2017","Offspring telomere length in the long lived Alpine swift is negatively related to the age of their biological father and foster mother","Alpine swift","apus melba","20 yrs","NA","Monogamy",98,"Early","Proxy","Wing length","Foster Female","Mixed","Foster_mother","Linear","NA",0.177,NA,NA,NA,0.49,0.361224489795918,7,40.5,0.0566697364735919,"Shinichi",0.10173430445104,0.0103498687021369
"35","5","35","(Criscuolo, Zahn & Bize, 2017)","2017","Offspring telomere length in the long lived Alpine swift is negatively related to the age of their biological father and foster mother","Alpine swift","apus melba","20 yrs","NA","Monogamy",98,"Early","Proxy","Wing length","Female","Mixed","Maternal","Linear","NA",0.417,NA,NA,NA,0.512,0.814453125,7,79.9,0.0907397083387314,"Shinichi",0.10122172467272,0.0102458375457199
"36","5","36","(Criscuolo, Zahn & Bize, 2017)","2017","Offspring telomere length in the long lived Alpine swift is negatively related to the age of their biological father and foster mother","Alpine swift","apus melba","20 yrs","NA","Monogamy",98,"Early","Proxy","Wing length","Foster Male","Mixed","Foster_father","Linear","NA",0.488,NA,NA,NA,0.618,0.789644012944984,7,58.1,0.103044600899298,"Shinichi",0.100978358160151,0.0101966288167198
"37","5","37","(Criscuolo, Zahn & Bize, 2017)","2017","Offspring telomere length in the long lived Alpine swift is negatively related to the age of their biological father and foster mother","Alpine swift","apus melba","20 yrs","NA","Monogamy",98,"Early","Proxy","Wing length","Male","Mixed","Paternal","Linear","NA",-0.814,NA,NA,NA,0.474,-1.71729957805907,7,82.7,-0.185560107780426,"Shinichi",0.0985478148301422,0.00971167180779599
"38","5","38","(Criscuolo, Zahn & Bize, 2017)","2017","Offspring telomere length in the long lived Alpine swift is negatively related to the age of their biological father and foster mother","Alpine swift","apus melba","20 yrs","NA","Monogamy",98,"Early","Proxy","Sternum length","Foster Male","Mixed","Foster_father","Linear","NA",0.043,NA,NA,NA,0.093,0.462365591397849,7,58.3,0.0604444489413447,"Shinichi",0.101689185628116,0.0103406904737094
"39","5","39","(Criscuolo, Zahn & Bize, 2017)","2017","Offspring telomere length in the long lived Alpine swift is negatively related to the age of their biological father and foster mother","Alpine swift","apus melba","20 yrs","NA","Monogamy",98,"Early","Proxy","Sternum length","Male","Mixed","Paternal","Linear","NA",-0.03,NA,NA,NA,0.07,-0.428571428571428,7,83,-0.0469898617257479,"Shinichi",0.101836714751995,0.0103707164714793
"40","5","40","(Criscuolo, Zahn & Bize, 2017)","2017","Offspring telomere length in the long lived Alpine swift is negatively related to the age of their biological father and foster mother","Alpine swift","apus melba","20 yrs","NA","Monogamy",98,"Early","Proxy","Sternum length","Foster Female","Mixed","Foster_mother","Linear","NA",0.091,NA,NA,NA,0.067,1.35820895522388,7,45.7,0.196976941480791,"Shinichi",0.09810207282525,0.00962401669261066
"41","5","41","(Criscuolo, Zahn & Bize, 2017)","2017","Offspring telomere length in the long lived Alpine swift is negatively related to the age of their biological father and foster mother","Alpine swift","apus melba","20 yrs","NA","Monogamy",98,"Early","Proxy","Sternum length","Female","Mixed","Maternal","Linear","NA",-0.096,NA,NA,NA,0.068,-1.41176470588235,7,85.6,-0.150843785461736,"Shinichi",0.0997397677686537,0.00994802127454497
"42","6","42","(Fay et al., 2016)","2016","Paternal but not maternal age influences early-life performance of offspring in a long-lived seabird","Wandering albatross","diomedea exulans","50 yrs","NA","Monogamy",4538,"Early","Survival","Survival","Male","Mixed","Paternal","Linear","NA",-0.17,NA,NA,NA,0.05,-3.4,69,4468,-0.0507997105866117,"Shinichi",0.0148095302622072,0.000219322186587231
"43","6","43","(Fay et al., 2016)","2016","Paternal but not maternal age influences early-life performance of offspring in a long-lived seabird","Wandering albatross","diomedea exulans","50 yrs","NA","Monogamy",4294,"Early","Survival","Survival","Female","Mixed","Maternal","Linear","NA",-0.04,NA,NA,NA,0.06,-0.666666666666667,69,4224,-0.0102570846431195,"Shinichi",0.0152624568735765,0.000232942589817783
"44","6","44","(Fay et al., 2016)","2016","Paternal but not maternal age influences early-life performance of offspring in a long-lived seabird","Wandering albatross","diomedea exulans","50 yrs","NA","Monogamy",4538,"Early","LRS","Recuritment","Male","Mixed","Paternal","Linear","NA",-0.01,NA,NA,NA,0.06,-0.166666666666667,69,4468,-0.00249339346783824,"Shinichi",0.014847754463686,0.000220455812613907
"45","6","45","(Fay et al., 2016)","2016","Paternal but not maternal age influences early-life performance of offspring in a long-lived seabird","Wandering albatross","diomedea exulans","50 yrs","NA","Monogamy",4294,"Early","LRS","Recuritment","Female","Mixed","Maternal","Linear","NA",0.05,NA,NA,NA,0.06,0.833333333333333,69,4224,0.0128209764407982,"Shinichi",0.0152615537043015,0.00023291502146928
"46","6","46","(Fay et al., 2016)","2016","Paternal but not maternal age influences early-life performance of offspring in a long-lived seabird","Wandering albatross","diomedea exulans","50 yrs","NA","Monogamy",4538,"Early","LRS","Early recruitment","Male","Mixed","Paternal","Linear","NA",-0.02,NA,NA,NA,0.09,-0.222222222222222,69,4468,-0.00332451658602221,"Shinichi",0.0148476826684144,0.000220453680621934
"47","6","47","(Fay et al., 2016)","2016","Paternal but not maternal age influences early-life performance of offspring in a long-lived seabird","Wandering albatross","diomedea exulans","50 yrs","NA","Monogamy",4294,"Early","LRS","Early recruitment","Female","Mixed","Maternal","Linear","NA",-0.02,NA,NA,NA,0.1,-0.2,69,4224,-0.00307727270409781,"Shinichi",0.0152639182271364,0.000232987199644707
"48","7","48","(Heidinger et al., 2016)","2016","Parental age influences offspring telomere loss","European shag","phalacrocorax aristotelis","15 yrs?","Positive","Monogamy",170,"Early","TL","Telomere length","Female","Mixed","Maternal","Linear","NA",0.007,NA,NA,NA,0.009,0.777777777777778,8,161,0.0611826405773843,"Shinichi",0.0768628719196196,0.00590790107973184
"49","7","49","(Heidinger et al., 2016)","2016","Parental age influences offspring telomere loss","European shag","phalacrocorax aristotelis","15 yrs?","Positive","Monogamy",124,"Early","TL","Telomere length","Female","Mixed","Maternal","Linear","NA",-0.017,NA,NA,NA,0.008,-2.125,8,115,-0.194377768005996,"Shinichi",0.0871150595990242,0.00758903360894155
"50","7","50","(Heidinger et al., 2016)","2016","Parental age influences offspring telomere loss","European shag","phalacrocorax aristotelis","15 yrs?","Positive","Monogamy",204,"Early","TL","Telomere length","Male","Mixed","Paternal","Linear","NA",0.005,NA,NA,NA,0.058,0.0862068965517241,8,195,0.00617328645286066,"Shinichi",0.0703570731003844,0.00495011773525284
"51","7","51","(Heidinger et al., 2016)","2016","Parental age influences offspring telomere loss","European shag","phalacrocorax aristotelis","15 yrs?","Positive","Monogamy",153,"Early","TL","Telomere length","Male","Mixed","Paternal","Linear","NA",-0.012,NA,NA,NA,0.06,-0.2,8,144,-0.0166643523339933,"Shinichi",0.0813562469196383,0.00661883891284915
"52","8","52","(Brown et al., 2021)","2021","Longitudinal evidence that older parents produce offspring with longer telomeres in a wild social bird","White-browed sparrow weaver","plocepasser mahali","10-14 yrs","NA","Monogamy",60,"Lifetime","TL","Telomere length","Male","Mixed","Paternal","Linear","NA",0.063,NA,0,0.125,0.031,2.03225806451613,NA,9,0.560848145169515,"Shinichi",0.0900039101128341,0.00810070383559911
"53","8","53","(Brown et al., 2021)","2021","Longitudinal evidence that older parents produce offspring with longer telomeres in a wild social bird","White-browed sparrow weaver","plocepasser mahali","10-14 yrs","NA","Monogamy",61,"Lifetime","TL","Telomere length","Female","Mixed","Maternal","Linear","NA",0.065,NA,0.007,0.123,0.029,2.24137931034483,NA,9,0.598525688530093,"Shinichi",0.0835509468555076,0.00698076072045185
"54","9","54","(Bouwhuis, Vedder & Becker, 2015)","2015","Sex-specific pathways of parental age effects on offspring lifetime reproductive success in a long-lived seabird","Common terns","sterna hirundo","12 yrs","NA","Monogamy",200,"Lifetime","LRS","LRS","Female","Female","Mother_daughter","Linear","NA",-0.149,NA,NA,NA,0.038,-3.92105263157895,3,196,-0.26969706312145,"Shinichi",0.0658977470672786,0.00434251306854302
"55","9","55","(Bouwhuis, Vedder & Becker, 2015)","2015","Sex-specific pathways of parental age effects on offspring lifetime reproductive success in a long-lived seabird","Common terns","sterna hirundo","12 yrs","NA","Monogamy",189,"Lifetime","LRS","LRS","Male","Female","Father_daughter","Linear","NA",0.08,NA,NA,NA,0.043,1.86046511627907,3,185,0.13552218810877,"Shinichi",0.071784168211742,0.00515296680585168
"56","9","56","(Bouwhuis, Vedder & Becker, 2015)","2015","Sex-specific pathways of parental age effects on offspring lifetime reproductive success in a long-lived seabird","Common terns","sterna hirundo","12 yrs","NA","Monogamy",189,"Lifetime","Lifespan","Lifespan","Male","Male","Father_son","Linear","NA",0.044,NA,NA,NA,0.021,2.09523809523809,3,185,0.152249134948097,"Shinichi",0.0714321676254019,0.00510255457166352
"57","9","57","(Bouwhuis, Vedder & Becker, 2015)","2015","Sex-specific pathways of parental age effects on offspring lifetime reproductive success in a long-lived seabird","Common terns","sterna hirundo","12 yrs","NA","Monogamy",200,"Lifetime","LRS","LRS","Female","Female","Mother_daughter","Linear","NA",-0.012,NA,NA,NA,0.06,-0.2,3,196,-0.0142842567828501,"Shinichi",0.0710524049610618,0.00504844425075072
"58","9","58","(Bouwhuis, Vedder & Becker, 2015)","2015","Sex-specific pathways of parental age effects on offspring lifetime reproductive success in a long-lived seabird","Common terns","sterna hirundo","12 yrs","NA","Monogamy",189,"Lifetime","LRS","RLRS","Male","Female","Father_daughter","Linear","NA",0.136,NA,NA,NA,0.077,1.76623376623377,3,185,0.128774888045752,"Shinichi",0.0719145754146151,0.00517170615706436
"59","9","59","(Bouwhuis, Vedder & Becker, 2015)","2015","Sex-specific pathways of parental age effects on offspring lifetime reproductive success in a long-lived seabird","Common terns","sterna hirundo","12 yrs","NA","Monogamy",189,"Lifetime","Lifespan","Lifespan","Male","Male","Father_son","Linear","NA",0.017,NA,NA,NA,0.038,0.447368421052632,3,185,0.0328734035556772,"Shinichi",0.0730482166785658,0.0053360419599187
"60","10","60","(Drobniak et al., 2015)","2015","Maternal Age-Related Depletion of Offspring Genetic Variance in Immune Response to Phytohaemagglutinin in the Blue Tit (Cyanistes caeruleus)","Blue tit","cyanistes caeruleus","3 yrs","None","Monogamy",1092,"Early","Proxy","Tarsus length","Female","Mixed","Maternal","Linear","NA",-0.02,NA,NA,NA,0.06,-0.333333333333333,5,1086,-0.0101144347484835,"Shinichi",0.0302860280088877,0.000917243492555132
"61","10","61","(Drobniak et al., 2015)","2015","Maternal Age-Related Depletion of Offspring Genetic Variance in Immune Response to Phytohaemagglutinin in the Blue Tit (Cyanistes caeruleus)","Blue tit","cyanistes caeruleus","3 yrs","None","Monogamy",1092,"Early","Weight","Body weight","Female","Mixed","Maternal","Linear","NA",0.17,NA,NA,NA,0.12,1.41666666666667,6,1085,0.0429686308943279,"Shinichi",0.0302332037280873,0.000914046607664029
"62","10","62","(Drobniak et al., 2015)","2015","Maternal Age-Related Depletion of Offspring Genetic Variance in Immune Response to Phytohaemagglutinin in the Blue Tit (Cyanistes caeruleus)","Blue tit","cyanistes caeruleus","3 yrs","None","Monogamy",485,"Early","Proxy","PHA response","Female","Mixed","Maternal","Linear","NA",-0.11,NA,NA,NA,0.2,-0.55,3,481,-0.0250699594060812,"Shinichi",0.0454729776487703,0.00206779169624556
"63","11","63","(Bauch et al., 2019)","2019","Epigenetic inheritance of telomere length in wild birds","Jackdaws","coloeus monedula","5 yrs","NA","Monogamy",715,"Early","TL","Telomere length","Male","Mixed","Paternal","Linear","NA",-26.4,NA,NA,NA,19,-1.38947368421053,8,706,-0.0522221769580192,"Shinichi",0.0373481615275722,0.00139488516948963
"64","11","64","(Bauch et al., 2019)","2019","Epigenetic inheritance of telomere length in wild birds","Jackdaws","coloeus monedula","5 yrs","NA","Monogamy",715,"Early","TL","Telomere length","Female","Mixed","Maternal","Linear","NA",-31,NA,NA,NA,17.5,-1.77142857142857,8,706,-0.0665209248357578,"Shinichi",0.0372845755089435,0.00139013957088211
"65","11","65","(Bauch et al., 2019)","2019","Epigenetic inheritance of telomere length in wild birds","Jackdaws","coloeus monedula","5 yrs","NA","Monogamy",715,"Early","TL","Telomere length","Foster Male","Mixed","Foster_father","Linear","NA",-43.4,NA,NA,NA,15.2,-2.85526315789474,8,706,-0.106844126466612,"Shinichi",0.0370227742112226,0.00137068581029517
"66","12","66","(Asghar et al., 2015)","2015","Maternal and genetic factors determine early life telomere length","Great reed warbler","acrocephalus arundinaceus","2.5 yrs?","NA","Monogamy & Polygamy",139,"Early","TL","Telomere length","Female","Mixed","Maternal","Linear","NA",0.071,NA,NA,NA,0.022,3.22727272727273,5,133,0.269487075428331,"Shinichi",0.0792311399054116,0.0062775735307109
"67","12","67","(Asghar et al., 2015)","2015","Maternal and genetic factors determine early life telomere length","Great reed warbler","acrocephalus arundinaceus","2.5 yrs?","NA","Monogamy & Polygamy",139,"Early","TL","Telomere length","Male","Mixed","Paternal","Linear","NA",0.015,NA,NA,NA,0.028,0.535714285714286,5,133,0.0464022829329889,"Shinichi",0.0852518078848599,0.00726787074763707
"68","13","68","(Sparks et al., 2021)","2021","Telomere heritability and parental age at conception effects in a wild avian population","Seychelles warbler","acrocephalus sechellensis","5 yrs","NA","Monogamy",1317,"Lifetime","TL","Telomere length","Male","Mixed","Paternal","Linear","NA",-0.032,NA,NA,NA,0.011,-2.90909090909091,6,1310,-0.0801167550989091,"Shinichi",0.0273993673533476,0.000750725331363692
"69","14","69","(Cooper et al., 2020)","2020","Do the ages of parents or helpers affect offspring fitness in a cooperatively breeding bird?","Superb fairy-wren","malurus cyaneus","5-6 yrs","None","Polygamy",4310,"Lifetime","Weight","Nestling weight","Female","Mixed","Maternal","Linear","NA",-0.006,NA,-0.03,-0.018,0.00306122448979592,-1.96,8,4301,-0.029872906764739,"Shinichi",0.0152220946967024,0.000231712166955376
"70","14","70","(Cooper et al., 2020)","2020","Do the ages of parents or helpers affect offspring fitness in a cooperatively breeding bird?","Superb fairy-wren","malurus cyaneus","5-6 yrs","None","Polygamy",4538,"Lifetime","Survival","Juvenile survival to independence","Female","Mixed","Maternal","Linear","NA",-0.077,NA,-0.157,0.003,0.0408163265306122,-1.8865,8,4529,-0.0280210936885511,"Shinichi",0.0148361885154681,0.000220112489666509
"71","14","71","(Cooper et al., 2020)","2020","Do the ages of parents or helpers affect offspring fitness in a cooperatively breeding bird?","Superb fairy-wren","malurus cyaneus","5-6 yrs","None","Polygamy",2252,"Lifetime","Survival","Male survival to recruitment","Female","Male","Mother_son","Linear","NA",-0.067,NA,-0.196,0.063,0.0660714285714286,-1.01405405405405,8,2243,-0.0214065628498045,"Shinichi",0.0210721905006856,0.000444037212497186
"72","14","72","(Cooper et al., 2020)","2020","Do the ages of parents or helpers affect offspring fitness in a cooperatively breeding bird?","Superb fairy-wren","malurus cyaneus","5-6 yrs","None","Polygamy",4310,"Lifetime","Weight","Nestling weight","Within-pair male","Mixed","Within-pair_father","Linear","NA",0.023,NA,-0.005,-0.05,-0.0114795918367347,-2.00355555555556,8,4301,-0.0305361368558765,"Shinichi",0.0152214842772921,0.00023169358360385
"73","14","73","(Cooper et al., 2020)","2020","Do the ages of parents or helpers affect offspring fitness in a cooperatively breeding bird?","Superb fairy-wren","malurus cyaneus","5-6 yrs","None","Polygamy",4538,"Lifetime","Survival","Juvenile survival to independence","Within-pair male","Mixed","Within-pair_father","Linear","NA",0.095,NA,0.002,0.188,0.0474489795918367,2.00215053763441,8,4529,0.0297374316105716,"Shinichi",0.014834716601687,0.000220068816652369
"74","14","74","(Cooper et al., 2020)","2020","Do the ages of parents or helpers affect offspring fitness in a cooperatively breeding bird?","Superb fairy-wren","malurus cyaneus","5-6 yrs","None","Polygamy",2252,"Lifetime","Survival","Male survival to recruitment","Within-pair male","Male","Within-pair_father_son","Linear","NA",0.121,NA,-0.039,0.281,0.0816326530612245,1.48225,8,2243,0.0312819794291049,"Shinichi",0.0210612211644481,0.000443575036937798
"75","14","75","(Cooper et al., 2020)","2020","Do the ages of parents or helpers affect offspring fitness in a cooperatively breeding bird?","Superb fairy-wren","malurus cyaneus","5-6 yrs","None","Polygamy",4310,"Lifetime","Weight","Nestling weight","Extra-pair social male","Mixed","Extra-pair_social_father","Linear","NA",0.001,NA,-0.024,-0.025,-0.000255102040816327,-3.92,8,4301,-0.0596659988521056,"Shinichi",0.0151814513451648,0.000230476464945605
"76","14","76","(Cooper et al., 2020)","2020","Do the ages of parents or helpers affect offspring fitness in a cooperatively breeding bird?","Superb fairy-wren","malurus cyaneus","5-6 yrs","None","Polygamy",4538,"Lifetime","Survival","Juvenile survival to independence","Extra-pair social male","Mixed","Extra-pair_social_father","Linear","NA",-0.022,NA,-0.103,0.059,0.0413265306122449,-0.532345679012346,8,4529,-0.00791004557726258,"Shinichi",0.014846917760645,0.000220430966991356
"77","14","77","(Cooper et al., 2020)","2020","Do the ages of parents or helpers affect offspring fitness in a cooperatively breeding bird?","Superb fairy-wren","malurus cyaneus","5-6 yrs","None","Polygamy",2252,"Lifetime","Survival","Male survival to recruitment","Extra-pair social male","Male","Extra-pair_social_father_son","Linear","NA",-0.086,NA,-0.229,0.057,0.0729591836734694,-1.17874125874126,8,2243,-0.0248810885972392,"Shinichi",0.0210687999564003,0.000443894331602812
"78","14","78","(Cooper et al., 2020)","2020","Do the ages of parents or helpers affect offspring fitness in a cooperatively breeding bird?","Superb fairy-wren","malurus cyaneus","5-6 yrs","None","Polygamy",4310,"Lifetime","Weight","Nestling weight","Extra-pair genetic male","Mixed","Extra-pair_genetic_father","Linear","NA",-0.009,NA,-0.032,-0.014,0.00459183673469388,-1.96,8,4301,-0.029872906764739,"Shinichi",0.0152220946967024,0.000231712166955376
"79","14","79","(Cooper et al., 2020)","2020","Do the ages of parents or helpers affect offspring fitness in a cooperatively breeding bird?","Superb fairy-wren","malurus cyaneus","5-6 yrs","None","Polygamy",4538,"Lifetime","Survival","Juvenile survival to independence","Extra-pair genetic male","Mixed","Extra-pair_genetic_father","Linear","NA",-0.053,NA,-0.132,0.026,0.0403061224489796,-1.31493670886076,8,4529,-0.0195353323322542,"Shinichi",0.0148421804008882,0.000220290319052511
"80","14","80","(Cooper et al., 2020)","2020","Do the ages of parents or helpers affect offspring fitness in a cooperatively breeding bird?","Superb fairy-wren","malurus cyaneus","5-6 yrs","None","Polygamy",2252,"Lifetime","Survival","Male survival to recruitment","Extra-pair genetic male","Male","Extra-pair_genetic_father_son","Linear","NA",-0.119,NA,-0.264,0.026,0.0739795918367347,-1.60855172413793,8,2243,-0.033944549197325,"Shinichi",0.0210575598755109,0.000443420827910725
"81","15","81","(Dearborn, Anders & Juola, 2008)","2008","Parent age differentially influences offspring size over the course of development in Laysan albatross","Laysan albatross","phoebastria immutabilis","40 yrs?","NA","Monogamy",99,"Early","Weight","Mass at hatching","Mixed","Mixed","Mixed","Linear","NA",0.55,NA,NA,NA,0.73,0.753424657534247,NA,97,0.0762758243291232,"Shinichi",0.100943887974665,0.0101896685194417
"82","15","82","(Dearborn, Anders & Juola, 2008)","2008","Parent age differentially influences offspring size over the course of development in Laysan albatross","Laysan albatross","phoebastria immutabilis","40 yrs?","NA","Monogamy",59,"Early","Weight","Mass at hatching","Mixed","Mixed","Mixed","Linear","NA",0.42,NA,NA,NA,1,0.42,NA,58,0.0550650285540201,"Shinichi",0.132051616651722,0.0174376294603334
"83","16","89","(Drummond & Rodríguez, 2015)","2015","Viability of Booby offspring is maximized by having one young parent and one old parent","Blue-footed booby","sula nebouxii","17 yrs","NA","Monogamy",5343,"Lifetime","LRS","Number of fledglings","Male","Mixed","Paternal","Linear","NA",0.001,NA,NA,NA,0.0042,0.238095238095238,4,5338,0.00325881058885171,"Shinichi",0.0136830873321868,0.00018722687894025
"84","17","90","(Vedder et al., 2021)","2021","Telomere length is heritable ad genetically correlated with lifespan in a wild bird","Common terns","sterna hirundo","12 yrs","NA","Monogamy",371,"Lifetime","TL","Telomere length","Mixed","Mixed","Mixed","Linear","NA",-0.152,NA,-0.202,-0.106,0.0244897959183674,-6.20666666666667,3,367,-0.308212913680176,"Shinichi",0.0471126680394597,0.00221960348979632
"85","19","92","(Noguera, Metcalfe & Monaghan, 2018)","2018","Experimental demonstration that offspring fathered by old males have shorter telomeres and reduced lifespans","Zebra finch","taeniopygia guttata","2.5 yrs","NA","Monogamy",136,"Lifetime","TL","Telomere length","Male","Mixed","Paternal","Linear","NA",-0.042,NA,NA,NA,NA,2.311,NA,18.8,0.4703539841282,"Shinichi",0.0672752334154791,0.00452595703110719
"86","19","93","(Noguera, Metcalfe & Monaghan, 2018)","2018","Experimental demonstration that offspring fathered by old males have shorter telomeres and reduced lifespans","Zebra finch","taeniopygia guttata","2.5 yrs","NA","Monogamy",137,"Lifetime","Weight","Body mass","Male","Mixed","Paternal","Linear","NA",0.056,NA,NA,NA,NA,-2.25,NA,19.15,-0.45725946222864,"Shinichi",0.0680710203222597,0.00463366380771349
"87","20","94","(Dupont et al., 2018)","2018","Young parents produce offspring with short telomeres: A study in a long-lived bird, the Black-browed Albatross (Thalassarche melanophris)","Black-browed albatross","thalassarche melanophris","70 yrs","NA","Monogamy",51,"Lifetime","TL","Telomere length","Mixed","Mixed","Mixed","Linear","NA",0.053,NA,NA,NA,0.017,3.11764705882353,1,49,0.406850588418409,"Shinichi",0.119210371243371,0.0142111126119823
"88","20","95","(Dupont et al., 2018)","2018","Young parents produce offspring with short telomeres: A study in a long-lived bird, the Black-browed Albatross (Thalassarche melanophris)","Black-browed albatross","thalassarche melanophris","70 yrs","NA","Monogamy",51,"Lifetime","Proxy","Offspring body condition","Mixed","Mixed","Mixed","Linear","NA",113.3,NA,NA,NA,26.1,4.34099616858238,1,49,0.52702702650221,"Shinichi",0.103177501905177,0.0106455968993928
"89","21","96","(Bauch et al., 2021)","2021","Maternal Age-Related Depletion of Offspring Genetic Variance in Immune Response to Phytohaemagglutinin in the Blue Tit (Cyanistes caeruleus)","Jackdaws","coloeus monedula","5 yrs","NA","Monogamy",715,"Early","TL","Telomere length at day 4","Male","Mixed","Paternal","Linear","NA",-25.1,NA,NA,NA,13.4,-1.87313432835821,1,713,-0.0699774656328019,"Shinichi",0.0372669060011185,0.00138882228289621
"90","21","97","(Bauch et al., 2021)","2021","High heritability of telomere length and low heritability of telomere shortening in wild birds","Jackdaws","coloeus monedula","5 yrs","NA","Monogamy",474,"Early","TL","Telomere length at day 29","Male","Mixed","Paternal","Linear","NA",-30.2,NA,NA,NA,14.2,-2.12676056338028,1,472,-0.0974263908800068,"Shinichi",0.045591830708652,0.00207861502736639
"91","22","98","(Preston et al., 2015)","2015","The sperm of aging male bustards retards their offspring's development","Houbara bustard","chlamydotis undulata","NA","NA","Polygamy",939,"Lifetime","Weight","Offspring mass","Male","Mixed","Paternal","Linear","NA",-0.4014,NA,NA,NA,0.997,-0.402607823470411,NA,1,-0.373475189359379,"Shinichi",0.0281118416047898,0.000790275638412791
